{
  "mae": 0.3701078729331528,
  "mse": 139.74156340783557,
  "rmse": 11.821233582322767,
  "r2": 0.9930904377754545,
  "mape": 0.13856650221615877
}