{
  "mae": 4.2340574606187005,
  "mse": 1184.0704819562575,
  "rmse": 34.41032522305271,
  "r2": 0.9414532908190888,
  "mape": 2.4567405351219183
}
