{
  "mae": 0.46870662743678276,
  "mse": 172.0956028747216,
  "rmse": 13.118521367696955,
  "r2": 0.9914906828889328,
  "mape": 0.17453215333228916
}
