{
  "mae": 4.669743428559729,
  "mse": 1181.4489266914711,
  "rmse": 34.37221154786918,
  "r2": 0.941582914381223,
  "mape": 2.733145054932559
}
