{"_runtime":651,"_timestamp":1.7629781883166046e+09,"mae":0.05007874105809827,"rmse":5.174169578867098,"r2":0.9986421215642606,"_step":1,"mape":0.0019322795344919646,"mse":26.772030830873728,"_wandb":{"runtime":651},"roc_auc":0.9986421215642606,"train_time_s":597.2894096374512}