{"_step":0,"mse":41.618416212390144,"mape":0.001614608275475197,"mae":0.05539267400329806,"r2":0.9978891123254175,"_wandb":{"runtime":0},"rmse":6.451233696928839,"_runtime":0,"_timestamp":1.761897062640209e+09}