{"mape":0.001546479458665704,"_timestamp":1.762979775245142e+09,"_runtime":0,"mae":0.049027519868207144,"rmse":5.084087814562735,"_step":0,"_wandb":{"runtime":0},"mse":25.847948906185287,"r2":0.9986889910351019}