{"r2":0.9986889910351019,"_step":0,"mse":25.847948906185426,"_wandb":{"runtime":0},"_timestamp":1.761854254985198e+09,"mae":0.04902751986820718,"mape":0.001546479458665715,"rmse":5.084087814562749,"_runtime":0}