{"mape":0.18942233750948648,"rmse":14.60278767517118,"_timestamp":1.7629806941631064e+09,"mse":213.24140788613133,"r2":0.9894562165993607,"_runtime":1,"mae":0.5012027133051656,"_step":0,"_wandb":{"runtime":1}}