{"rmse":6.451233696928836,"r2":0.9978891123254175,"_runtime":0,"_timestamp":1.761898527828e+09,"_step":0,"mape":0.0016146082754752156,"_wandb":{"runtime":0},"mae":0.05539267400329814,"mse":41.618416212390095}