{"_runtime":598,"train_time_s":598.4692442417145,"_timestamp":1.7629807240103548e+09,"_step":0,"validation_rmse":15.810210068695355,"_wandb":{"runtime":598}}