mae,mse,rmse,r2,mape
0.04902751986820718,25.847948906185426,5.084087814562749,0.9986889910351019,0.001546479458665715
