{"mae":{"0":0.500578535},"mse":{"0":213.3957057348},"rmse":{"0":14.608069884},"r2":{"0":0.9894485873},"mape":{"0":0.1891470612}}
