{"mae":{"0":0.055392674},"mse":{"0":41.6184162124},"rmse":{"0":6.4512336969},"r2":{"0":0.9978891123},"mape":{"0":0.0016146083}}