{"mae":{"0":0.5012027133},"mse":{"0":213.2414078861},"rmse":{"0":14.6027876752},"r2":{"0":0.9894562166},"mape":{"0":0.1894223375}}