{"mse":213.2414078861314,"rmse":14.602787675171184,"_runtime":0,"mae":0.5012027133051656,"r2":0.9894562165993607,"mape":0.1894223375094865,"_step":0,"_timestamp":1.762980778301387e+09,"_wandb":{"runtime":0}}