{"_wandb":{"runtime":0},"r2":0.9988555714057533,"_step":0,"mae":0.04914409647858321,"_timestamp":1.7629797719549644e+09,"mse":22.56363810080081,"rmse":4.750119798573591,"_runtime":0,"mape":0.001986454004546384}