{"_runtime":597,"_wandb":{"runtime":597},"validation_rmse":11.531357742405392,"train_time_s":596.8046152591705,"_timestamp":1.7629805842965841e+09,"_step":0}