{"_runtime":597,"validation_rmse":10.980804617365987,"train_time_s":596.9850897789001,"_timestamp":1.7629797239855514e+09,"_step":0,"_wandb":{"runtime":597}}