{"_wandb":{"runtime":0},"mse":153.55365368746476,"_timestamp":1.762980686669912e+09,"mae":0.2206655802020158,"rmse":12.39167679079247,"_step":0,"_runtime":0,"mape":0.07531095040785796,"r2":0.992407494956505}